Business Name,Phone,Address,Website Status,Website URL
Power Generation,(561) 855-1743,N/A,Has Website,http://powergenerationinc.com/
Security & Sound Systems Inc,(561) 464-3446,N/A,Has Website,http://securityandsoundsys.com/
Knight Electric Company Incorporated,(561) 858-1506,N/A,Template Site (YP-hosted),http://knightelectriccompanyincorporated.localsearch.com/
"Florida Residential Electric, Inc.",(754) 315-8864,N/A,Has Website,http://floridaresidentialelectric.com/
C G Electrical Services Inc,(561) 823-7003,N/A,Has Website,https://www.cgelectricalservices.com/
Edwards Electrical Enterprises Inc,(561) 223-1178,"1395 N Killian Dr, West Palm Beach, FL 33403",Has Website,https://www.wellsfargoadvisors.com
24 HR Handyman Services Inc,(561) 213-2577,N/A,Template Site (YP-hosted),http://24hrhandymanservicesinc.localsearch.com
"Air-Ref Co. Inc. Air Conditioning, Refrigeration and Electric",(561) 495-7060,"2703 N Old Dixie Hwy, Delray Beach, FL 33483",Has Website,https://www.airref.com
Davco Electrical Contractors,(561) 732-3434,"4885 Park Ridge Blvd, Boynton Beach, FL 33426",Has Website,http://www.davcoelectric.com
Swink Electric Inc.,(561) 683-1512,"West Palm Bch, FL 33415",Has Website,http://swinkelectric.com
Lightning Electric Inc,(561) 965-2323,N/A,Has Website,http://www.lightningelectricinc.com
Alphatec Electric,(561) 629-8240,"990 Elm Way Ct, Greenacres, FL 33463",Template Site (YP-hosted),http://alphatecelectric549265684.localsearch.com
Schmidt Electric Inc,(561) 588-6881,"7233 Southern Blvd, Greenacres, FL 33413",Has Website,https://schmidtelectricinc.page.tl
AES Lighting & Electrical,(561) 641-3399,"345 Swain Blvd, Greenacres, FL 33463",Has Website,http://www.aeslightingandelectrical.com
Mass Electric,(561) 969-1119,"6801 Lake Worth Rd Ste 254, Greenacres, FL 33467",No Website,None
Michael,(561) 969-3695,"1447 Fairway Cir, Greenacres, FL 33413",Template Site (YP-hosted),http://michael16446038.localsearch.com
Primeco Electric Inc,(561) 889-3527,"Greenacres, FL 33463",Template Site (YP-hosted),http://primecoelectricincfl.localsearch.com
Home Services at The Home Depot,(844) 476-2140,"5750 S Jog Rd, Greenacres, FL 33467",Has Website,https://www.homedepot.com/l/Lake-Worth-II/FL/Lake-Worth/33463/6316/services
Spectrum Cable Corp,(888) 775-0368,"345 Swain Blvd, Greenacres, FL 33463",Has Website,https://www.spectrum-electric.com
General Electric,(561) 967-4927,"2730 Pointe Cir, Greenacres, FL 33413",No Website,None
Saacly Installation Corp,(561) 966-9937,"6801 Lake Worth Rd Ste 127, Greenacres, FL 33467",Template Site (YP-hosted),http://saaclyinstallationcorp.localsearch.com
A-1 Electric Service,(561) 697-2626,"1599 Kudza Rd, West Palm Beach, FL 33415",Has Website,http://wpbelectric.com
Everton Electric LLC,(561) 531-6492,"West Palm Beach 33409, West Palm Beach, FL 33409",Template Site (YP-hosted),http://evertonelectricllcfl.localsearch.com
Swink Electric Inc,(561) 683-1512,"5692 Chase Ct, West Palm Beach, FL 33415",Has Website,http://www.swinkelectric.com
"Gator Electric and Communication, Inc.",(561) 641-8100,"2101 S Military Trl, West Palm Beach, FL 33415",Has Website,https://www.gatorelectric.com
Pie Superior Service,(561) 840-1776,"1173 Old Dixie Hwy Ste B, Lake Park, FL 33403",Has Website,http://www.pielectric.com
JW Electric of the Palm Beaches Inc.,(561) 633-9472,"1522 13th Ave N, Lake Worth, FL 33460",Template Site (YP-hosted),http://jwelectricofthepalmbeachesinc.localsearch.com
Maurice Electric Inc,(561) 790-2633,"11031 51st Ct N, West Palm Beach, FL 33411",Has Website,https://www.mauriceelectric.com
"Daughtry, Jane",(561) 202-9015,"1410 Keller Rd, West Palm Beach, FL 33406",Has Website,http://www.daughtryelectric.com
Basic Electric,(561) 686-5124,"1926 Frank St, West Palm Beach, FL 33409",Template Site (YP-hosted),http://basicelectricfl.localsearch.com
Panel Electric Inc.,(561) 832-5226,"1044 Charlotte Ave, West Palm Beach, FL 33401",Template Site (YP-hosted),http://panelelectricincfl.localsearch.com
Florida Electricians,(561) 832-4732,"301 Clematis St Ste 300, West Palm Beach, FL 33401",Has Website,http://www.floridaselectrician.com
MH Electric Services,(561) 798-5367,"11512 41st Ct N, West Palm Beach, FL 33411",Template Site (YP-hosted),http://mhelectricservices.localsearch.com
I M Electric Inc,(561) 357-7756,"6922 Clendenin St, Lake Worth, FL 33467",Has Website,http://imelectricinc.com
Francisco J Rodriguez Electrical Services Inc,(561) 723-9124,"5048 Purdy Ln, West Palm Beach, FL 33415",Template Site (YP-hosted),http://franciscojrodriguezelectricalservicesinc.localsearch.com
Dale C Rossman Inc,(561) 640-4010,"7231 Southern Blvd, West Palm Beach, FL 33413",Template Site (YP-hosted),http://dalecrossmaninc467919595.localsearch.com
Green Electric,(561) 422-8056,"990 Stinson Way, West Palm Beach, FL 33411",Has Website,http://greenelectricpb.com
Castillo Electric,(561) 242-6078,"4275 Okeechobee Blvd, West Palm Beach, FL 33409",Has Website,http://60minutesphoto.com
Arie Marine Electrical Corp,(561) 586-5400,"541 W Branch St, Lantana, FL 33462",Has Website,http://www.ariemarineelectric.com
Star Electrical Contractors,(561) 471-2744,"1614 Latham Rd, West Palm Beach, FL 33409",No Website,None
Malone Electrical Solutions,(561) 242-0680,"1540 Donna Rd, West Palm Beach, FL 33409",Has Website,https://www.maloneelectricalsolutions.com
Anything Electric Inc,(561) 684-1380,"1547 N Florida Mango Rd, West Palm Beach, FL 33409",Has Website,https://www.ae-pwr.com
Higgins Electric,(561) 684-0410,"3037 N Haverhill Rd, West Palm Beach, FL 33417",Template Site (YP-hosted),http://higginselectricalservicesinc.localsearch.com
Rothell Electric Inc,(561) 689-5151,"3428 45th St, West Palm Beach, FL 33407",Has Website,http://www.rothellelectric.com
Seacrest Electric Corp,(561) 793-1485,"13575 48th Ct N, West Palm Beach, FL 33411",Has Website,http://seacrestelectric.com
Global Electric Inc,(561) 848-7260,"1129 Silver Beach Rd, Lake Park, FL 33403",Template Site (YP-hosted),http://globalelectricinc.localsearch.com
Absolute Electrical Inc,(561) 881-9943,"480 W 34th St, Riviera Beach, FL 33404",No Website,None
Loveland Electric Inc,(561) 882-0401,"1344 S Killian Dr, West Palm Beach, FL 33403",Has Website,http://www.lovelandelec.com
Eli's Electric Corp,(561) 254-4576,"1210 Sandpiper Ln, Lantana, FL 33462",Template Site (YP-hosted),http://eliselectriccorp.localsearch.com
Best Lighting Electric,(561) 719-9062,"256 Davis Rd, Palm Springs, FL 33461",Template Site (YP-hosted),http://bestlightingelectric.localsearch.com
American Lighting & Electrical Services,(561) 689-4854,"7535 Garden Rd Suite 34, riviera beach, FL 33404",Has Website,http://www.americanlightingusa.com
Trition Electric Co,(561) 882-0909,"8011 Monetary Dr, Riviera Beach, FL 33404",Has Website,http://tritonelectric.net
Eagle Electric,(561) 253-4481,"3937 Victoria Dr, West Palm Beach, FL 33406",Template Site (YP-hosted),http://eagleelectricfl.localsearch.com
Electrical Fx,(561) 262-9431,"2326 Shoma Dr, Royal Palm Beach, FL 33414",Template Site (YP-hosted),http://electricalfxfl.localsearch.com
Wilco Electrical,(305) 248-9911,"430 Business Park Way, Royal Palm Beach, FL 33411",Template Site (YP-hosted),http://wilcoelectrical.localsearch.com
Ochoa Electric Services,(561) 373-4400,"206 Foresteria Dr, Lake Park, FL 33403",Has Website,http://ochoaelectricservices.com
Electrician Service In West Palm Beach FL,(561) 467-4181,"401 S Olive Ave, West Palm Beach, FL 33401",Template Site (YP-hosted),http://electricianserviceinwestpalmbeachfl.localsearch.com
Swink Electric,(561) 556-3144,"917 S Military Trl Ste C1, West Palm Beach, FL 33415",Has Website,https://swinkelectric.com
Lighthouse Energy,(561) 308-0595,"4657 Southern Blvd, West Palm Beach, FL 33415",Has Website,https://www.lighthouseenergyco.com
Global Power & Ac Corp,(561) 203-3711,"9030 Bellhurst Way Ste 123, West Palm Beach, FL 33411",Has Website,https://www.globalpowerpb.com
"Electricians Lake Worth, FL",(561) 467-4181,"125 S McDonnell Ave, Lake Worth, FL 33449",Template Site (YP-hosted),http://electricianslakeworthfl.localsearch.com
Mr. Electric of West Palm,(561) 299-1944,"2054 Vista Pkwy Ste 400, West Palm Beach, FL 33411",Has Website,https://mrelectric.com/west-palm?cid=LSTL_MRE000256
Symmetry Air Conditioning & Electrical,(561) 210-0002,"1914 Augustine Rd, West Palm Beach, FL 33411",Has Website,https://www.symmetryace.com
"Others Electric, Inc",(844) 432-2262,"306 Wickline Blvd, Lantana, FL 33462",Has Website,https://otherselectric.com
JP Volt Electric Inc,(786) 451-1973,"625 El Vedado, West Palm Beach, FL 33405",Has Website,https://jpvoltelectric.com/about-us
Boston Electric,(561) 559-5776,"1616 N Florida Mango Rd, West Palm Beach, FL 33409",Has Website,https://www.bostonelectric.biz
"Titan Network Cabling and Wiring Palm Beach, FL",(561) 462-0612,"2775 Vista Pkwy, West Palm Beach, FL 33411",Has Website,http://www.titancabling.com
Alternate Power Solutions,(561) 242-8869,"2771 Vista Pkwy Ste F4, West Palm Beach, FL 33411",Template Site (YP-hosted),http://alternatepowersolutions.localsearch.com
"Electricians Palm Beach, FL",(561) 467-4181,"2614 Sumneytown Pike, Palm Beach, FL 33480",Template Site (YP-hosted),http://electricianspalmbeachfl.localsearch.com
Louis Electric Inc,(727) 639-2723,"4631 Willow Pond Ct E, West Palm Beach, FL 33417",Template Site (YP-hosted),http://louiselectricincfl.localsearch.com
"Singer Electrical Contracting, Inc.",(561) 425-5409,"1562 Primrose Lane, Wellington, FL 33414",Has Website,https://www.singerelectricalcontracting.com
"Electricians Royal Palm Beach, FL",(561) 467-4181,"215 Interstate Rd, West Palm Beach, FL 33421",Template Site (YP-hosted),http://electriciansroyalpalmbeachfl.localsearch.com
Mister Sparky,(561) 903-2106,"7231 Haverhill Business Pkwy, Riviera Beach, FL 33407",Has Website,https://www.mistersparky.com/west-palm-beach
PIE Superior Service,(561) 840-1776,"1173 President Barack Obama Hwy, Riviera Beach, FL 33404",Has Website,http://www.pielectric.com
IEC Florida East Coast Chapter,(561) 697-4893,"7751 N Military Trl, West Palm Beach, FL 33410",Has Website,https://www.iec-fecc.org
Bo's Generators,(561) 467-4691,"3748 Prospect Ave Ste 3, West Palm Beach, FL 33404",Has Website,https://www.bosgenerators.com
Freshwater & Son's Electric,(561) 371-6490,"8087 Monetary Dr, Riviera Beach, FL 33404",Has Website,https://freshwaterelectric.com
Elcon Electric,(561) 655-5272,"9089 N Military Trl, Palm Beach Gardens, FL 33410",Template Site (YP-hosted),http://elconelectric511430938.localsearch.com
Empire Energy,(954) 234-7812,"8511 Cypress Glen Ct, Lake Worth, FL 33467",Template Site (YP-hosted),http://empireenergy.localsearch.com
Amp Pro Electric Inc,(561) 966-2602,"5697 Muirfield Village Cir, Lake Worth, FL 33463",Has Website,http://ampproelectric.com
First Coast Energy,(561) 540-5219,"1320 Lantana Rd, Lantana, FL 33462",Has Website,http://firstcoastenergy.com
Ti Electric USA,(561) 686-3928,"1550 N Congress Ave, West Palm Beach, FL 33409",Has Website,http://tielectricusa.com
McAfee Electric,(561) 686-6868,"1860 Okeechobee Rd Ste 205, West Palm Beach, FL 33409",Has Website,http://www.mcafeeelectric.com
Florida Power & Light Co,(561) 697-8000,"1040 Okeechobee Rd, West Palm Beach, FL 33401",Has Website,https://www.fpl.com
FPL Energy Services Home Electrical Services,(844) 693-7537,"6001 Village Blvd, West Palm Beach, FL 33407",Template Site (YP-hosted),http://fplenergyserviceshomeelectricalservices.localsearch.com
Hi Energy Concepts,(561) 331-8183,"901 Northpoint Pkwy Ste 300, West Palm Beach, FL 33407",Template Site (YP-hosted),http://hienergyconcepts.localsearch.com
Siemens Energy Inc,(561) 318-4854,"5904 N Flagler Dr, West Palm Beach, FL 33407",Template Site (YP-hosted),http://siemensenergyinc474108918.localsearch.com
Florida Power & Light,(561) 848-5815,"1001 10th St, Lake Park, FL 33403",Has Website,http://nexteraenergy.com
First Coast Energy,(561) 964-8284,"6020 S Congress Ave, Lake Worth, FL 33462",Template Site (YP-hosted),http://firstcoastenergy22963491.localsearch.com
Power To Go,(877) 690-3101,"1014 S Congress Ave, West Palm Beach, FL 33406",Template Site (YP-hosted),http://powertogo.localsearch.com
